,1000:1_0h_1,1000:1_0h_2,1000:1_0h_3,1000:1_24h_1,1000:1_24h_2,1000:1_24h_3,1000:1_4h_1,1000:1_4h_2,1000:1_4h_3,1000:1_8h_1,1000:1_8h_2,1000:1_8h_3,1:1000_0h_1,1:1000_0h_2,1:1000_0h_3,1:1000_24h_1,1:1000_24h_2,1:1000_24h_3,1:1000_4h_1,1:1000_4h_2,1:1000_4h_3,1:1000_8h_1,1:1000_8h_2,1:1000_8h_3,1:1_0h_1,1:1_0h_2,1:1_0h_3,1:1_24h_1,1:1_24h_2,1:1_24h_3,1:1_4h_1,1:1_4h_2,1:1_4h_3,1:1_8h_1,1:1_8h_2,1:1_8h_3,P_putida_0h_1,P_putida_0h_2,P_putida_0h_3,P_putida_24h_1,P_putida_24h_2,P_putida_24h_3,P_putida_4h_1,P_putida_4h_2,P_putida_4h_3,P_putida_8h_1,P_putida_8h_2,P_putida_8h_3
Null-1,-3.100575665589753,-3.47622213823084,-0.6726640027415693,0.7421715778515592,1.2510769116577716,0.1937193597575832,0.6170353783716409,-3.066797332676916,-0.4649112995612157,0.5973535925813919,2.7248253525047605,2.1305616743648432,-2.709957542265661,1.1536159898355018,-2.815569882190585,0.5437025442620551,1.099353739585848,0.9271295158510648,-0.4385838691660824,-0.9733510550581588,-1.7785745326664544,2.8942050486806155,3.7793623935811738,3.000113423842535,-2.330895694242141,-2.9166443408728004,-3.88857997957431,0.285945460413388,0.7307212023022165,1.3209041615120518,0.0720667867739467,-0.5259522972137312,1.3854626464561484,3.4112170610772647,3.794363335656562,2.868697861121539,-1.5036457118480029,-1.920093204259584,-2.5927574849977058,-0.1625581298618867,1.1643219779867962,2.081562245516357,-0.4548071450805993,0.3081333389588723,0.8040513362081506,3.088144567663736,3.8923848586424974,4.187182518407508
GbdR,1.444480675148969,0.2802847409894702,2.443166748762014,4.651471946950551,3.150485545841783,3.927331171489383,-5.374797820772065,-5.792442719589368,-6.372883176504299,-3.2212436679861187,1.2723493524196003,-11.446725839272576,-3.1439098052202668,-7.785099838645419,-8.837333509036636,4.742325359557044,5.552306373958779,-3.116628498865948,-12.06700959973668,-5.193889464191338,-3.7863252050034286,1.8454481089516213,3.027949833162576,3.517109389219666,-2.799523189245926,-2.5306674456641423,-9.08775374640476,3.161767318138506,4.807391351964402,-6.224918807152191,-5.859972591631947,-7.127976410384598,-11.32845251244423,0.7071655979751319,-0.6267769950478472,-0.9992522012357408,-3.7055122381446894,-3.277759116326333,-3.2042304045707604,2.749432021659625,4.514600277478215,-4.742224466681094,-1.3862115208643455,-6.397763468618406,-12.203222452618771,3.670295203455584,3.2202188939148138,2.9033578893311995
PP_2034-7,3.1582415541568523,3.283486869187972,0.7669452942060446,-1.1763400202471646,-1.76755466692962,-2.097593775264108,-0.234377047583614,0.3432549624436316,-5.831272397714814,1.5575309074087689,1.014598955631257,-1.2853080354505124,-0.186044482943833,1.6853796667173029,-0.6049540628625437,-3.163309590413556,-3.3869004217785807,-3.352181578256312,-0.914582305039754,0.486650121396099,1.3522424271851543,1.331155479141188,1.557769765713553,0.5113852024296767,1.3632046020833355,2.6874855788210508,1.967449254856341,-2.657796802193918,-2.412040150515044,-3.142165998457676,-0.1058243149897759,0.5617945864731915,-0.0937306369055852,-0.0296185819056523,1.4641639896306975,0.6577813657196259,-0.6785060316457195,1.4034572091193855,-1.105741767410048,-2.41518275842422,-2.9479606868376784,-4.010965103683938,0.6321015587979464,1.4981778897517384,-1.530202450350883,1.1432749556568995,1.935125440725076,0.1113305848122989
Multiple stress-1,-2.2481986145776167,1.7417456806004263,2.510219019924263,-1.97430886753247,-2.9247926733743825,-4.831346574608638,6.41287837385938,-5.01217170457466,-0.0203973489298074,4.909152377302696,3.643093145249998,2.2876790672076908,2.785227066892143,1.7990079079883166,1.005831448273099,-1.4276721350631398,-2.579996825870279,-7.749075562970084,3.784561815508466,-0.835666872908573,1.6956553045440304,-1.7810418321731218,-1.5597766516741072,-2.360567876493221,5.73779492213448,4.931445579075232,3.4058530282687083,-2.827371811917503,-2.912530577768375,-9.523528097070525,-3.4407162951419794,-1.275448487930867,4.624674435682045,-0.2092556315585785,0.1119828426020026,-2.266360985693997,3.20975786441208,1.7393180975626437,4.574952603675225,-2.322193556909558,-2.664371172230962,-8.273062109019593,-5.303541226524182,0.2235344916832493,0.724699478231763,-1.8173884352620728,-1.6894568694942045,-2.068043737835497
PedR1-1,0.183787194277642,-0.1035033381632906,0.5637394419420508,-0.5790186494193454,-0.5101030536805701,0.172767388734102,-0.6207442473220128,-1.417836698241902,-1.047380705802737,1.1862682643364664,-3.476687477994344,-0.1104826618084684,-0.015342907274957,0.169652702404525,0.7023136482737629,-0.9078173314688448,-0.6507358395788092,1.275634574095241,-0.0601659220388262,0.0350604326428439,-0.1213975279888009,0.1234268980968891,0.4448253384056819,-0.123669935901724,0.0339645969996242,-0.3459917646556386,-0.0956728239360063,-0.654510895342727,-1.2347922084683307,0.2482088214723592,0.068602491652577,-0.31006011434444,-0.5787847667934841,0.3959442057079684,-0.1750081811083817,-0.0856709640260185,0.0063755121125431,-0.0426053441371151,-0.8158385237328372,-0.6257131451557982,-0.7233089816232263,0.9122088091633572,0.3936071900586494,-0.2839627611643135,0.4383293873001183,-0.3643587444992358,0.3415991311565083,-0.1399941180892192
Acetate stress,0.39278158295438104,-0.2729499135784721,4.559764030246569,14.380708529618031,15.10259361519122,16.193506223090488,-1.4418245858707994,5.013948655206117,5.75004098175668,10.689835548025767,10.82562153343055,13.292406152086903,12.999767501812435,14.296915904166132,12.74672897738846,14.481215598188236,14.463855244724368,13.984446478478867,14.28259334506356,14.477500899163829,13.084641756689988,13.647555612640089,13.87964689341819,14.827191240336024,11.567973929070138,11.691390620549312,8.854734321615451,13.367971297401281,14.29701244134326,14.31895316552122,6.677564730030961,7.579285653638272,6.925481327667825,13.38915038944188,13.856862282198668,14.19502488612483,13.016526113701065,13.262051925584728,13.0264766383943,13.026789090831473,14.083535823448948,14.413911334548423,14.60872565113066,14.208995864462352,14.332609887159029,14.49719208023089,14.629850945163653,15.259019311630249
Noise-1,-0.6013960671682566,0.8645954565953723,1.8101684684140047,-0.4318790101878369,-1.068976645055024,0.773795272682353,-2.0848986031204872,-2.130274229679902,-1.494396967375001,-1.710613347448123,-1.1909728325759796,-0.6348522550723699,-1.0393318956547115,-0.8739451308918923,-0.7123052332350566,0.1073040354826564,0.6051701284694626,1.0471709020615267,-1.1630041451241362,-0.8041145454443975,-0.7087046295266017,-0.0255330886236443,0.4331595509760226,-0.1379637328928711,-0.2698926347843055,-0.5706133335701967,-1.5983277991967522,1.0949048559054912,0.4382668350268808,0.6588874021655741,-0.6881457801995925,-2.3172841803247097,-2.149774304232381,-0.1284972889733684,-0.2269177411528903,-0.1192546797967023,-1.2151044973379015,-0.694709117576519,-0.3541451565202105,0.9464895052654178,1.0011232213137171,0.8835901122899842,-0.8027766188919363,-1.4841024054612233,-2.055800404398794,0.6376124631472173,0.2689102709496486,0.9411438800352792
Genomic-1,-2.2120361992964552,-2.4068433639068845,4.04512576214981,-0.8276914276823898,-0.3463500216276852,-1.2233741702749734,-0.7423678645666378,-0.106900004887229,1.3240240586547962,1.068314888642929,1.7980300168692418,1.175945384344674,-0.5948327677653057,0.9503062382901512,-2.034491243251092,-1.0616484271502191,-1.4301288696492238,-0.4671552268495014,3.244896278410525,1.0828198222542509,-1.862700546388364,0.489403931235384,0.7711559869038385,1.9262681888383568,-1.2910273068083686,-1.2891596964670384,-2.93829079217986,-0.7800857267541592,-1.0556429859511862,-3.0209821277649933,-0.6087158921077803,-0.16885915527309,2.193145989556771,0.7737027293151734,0.597821282035535,1.122997474049055,-0.6730161115815617,-1.3295998832603408,-1.3333534282114967,-1.20786433133396,-0.5852664737012185,-1.47953520716253,0.0171237559281181,1.4018922821194637,3.299675041038969,1.3673248580034354,1.234445893764895,1.8210804338511768
Zinc,4.147429242768398,3.012539583664883,3.7035818248837313,-1.911323284376175,-1.7873470513406513,-1.3641100457749196,0.8127965155073875,-1.1901003732929096,-0.4728870103031649,-1.2023280753010286,-4.405354089465175,-0.3923676680736089,1.4562983753957035,-1.002039085669758,0.4985159417268553,-0.9170494291148208,-1.4233509841931906,-0.3163589299270021,-0.6499739128874028,-0.832781121683922,1.9529980837524823,-1.9852731120876743,-1.9169743898757288,-1.6023025686223,0.3847087427868257,1.5716603851365278,0.056674966301067,-0.6721923303267092,-0.6483406421093794,-0.2382401704356128,-0.095685561798115,-1.170525000714146,-0.9111797464144402,-2.1095667519492536,-1.7679774589362922,-2.057297185627309,1.3587344512824089,1.9465949639848328,1.1850481976525005,-0.2275507445682801,-0.5156414160193774,-0.3163543550925491,-2.2951830695868827,-1.3556254442482178,0.2319891970882742,-2.5819817212105587,-1.6067049481419102,-1.55928224359212
TCA cycle,-0.5755690109328764,6.381240315726979,3.034892186113713,-2.230791417144071,-2.738944177133245,-1.2440771914086046,7.523229001669156,7.461121600828679,4.42004146449815,0.7317668058997022,1.5546783314956083,-0.0366704264507207,-3.848577099248637,-0.7906328125938353,-2.706005892342948,-3.5001310311645044,-3.4598227350862745,-2.124445688434335,-0.6295417218436181,0.4601407364788696,-4.41462726377317,2.166542152308568,1.975774471456392,1.019704257885237,-3.2987714266547314,-3.748745908604908,-4.244811255459884,-3.421004269437377,-3.732153151108711,4.303463502560369,6.119362276222649,4.7706543657848615,4.282484224616906,1.5796980187684055,0.8544547246120169,0.7970118345919841,-3.674976683896624,-4.61174401052274,-0.6066872051227655,-2.943217295322368,-3.3997550765415228,0.332936011700299,1.074853408768612,-0.0310751012697119,-0.7922440178482382,2.8532425782564417,2.1604028430394058,1.0209452250560904
Redox,-4.488060273014545,-0.8364592139700858,-0.8975387379852453,1.2544495935345925,1.7480915136692128,-1.674850745466964,-2.058459231553902,-3.156731250796125,-1.2315775607063513,-0.9325454488629988,1.408581545537363,0.2476866611512906,0.8485392194569152,2.864597670913179,0.3547193217250475,0.7022235319370052,0.3550626737240543,-2.4739192298054733,1.1381545871761358,2.379342959304629,0.933894185887194,2.4396759391009364,2.485583597919395,1.7652049362553617,0.1302847798109002,0.351546573613376,-0.1270307390617426,1.4760343298074052,0.8608335459381099,-2.714424933971158,0.7083575674073554,0.7495155044340702,-0.2813174018982873,2.0173872174806844,2.777845323820803,2.4791072504414435,0.3727522046794252,0.4069519803683301,-0.7741544976901593,1.2630208826775693,0.873117664725964,-1.632966617985668,1.526422390013893,2.287329576413593,1.3596438232849266,2.594735117991976,2.230518384650608,1.873505430960272
Pentose and glucuronate,-0.6118952743801751,0.3851780302965202,2.906301161534489,0.1779547839998574,0.9161189809187548,3.2661367117352165,-0.3839837965042229,-2.285066463248949,-2.423591866975688,-1.6946627018581468,-1.7959314291706725,-2.649924547335021,-3.371933057934216,-1.0092520001079373,-2.6419851311305385,2.497606839400976,2.8192931539081068,2.6673484846425275,-4.281284321697462,-1.4375844446502324,-2.518738617502721,0.6768501322924028,1.0722040030533089,0.5573002488853933,-1.2632770324781413,-0.1583848933362192,-0.7569851971111352,2.2313226491147025,2.598984276212888,3.163325450643595,-0.7801620575103554,-0.4428738690175884,-2.272512817191922,-0.1397155296730959,-0.1281250085541311,-0.7090616414432942,-3.256156117016385,-2.657124094885548,-1.881757695490706,2.7783568269778027,3.0187583004121152,3.0746086644115733,-0.5315050045167234,-0.9924281173685832,-4.664696368673665,0.8516283352879241,0.2095662253748135,0.3929370432779958
GclR,4.903837835566735,3.1959245186806564,7.211360379713309,-4.701742656854043,-5.466816650275253,-2.321610778575522,2.188244543597364,2.0162546586315373,3.071918292368981,3.776744843212571,1.0107783931054817,0.6557066923856035,1.3638979868393108,-0.6011065381442746,0.9806463917488116,-3.1243831277199066,-3.218107472788048,-1.681439647267105,1.089132684743131,0.2124790199505081,0.5021234161655612,-0.4440023604362475,0.366592271760392,-1.1601237726112197,1.0050750749578814,1.1747757630272146,-1.2562594116426344,-3.6323855538731262,-3.429825373375413,-2.894506201660872,-0.2739632117003325,-0.8644305851849481,0.6217149749379068,-0.4682663457210583,0.6653696612790461,-0.6969800564257921,0.9425814977963526,0.9303390837010012,0.9988444609572872,-2.818506652145876,-2.985287064321174,-1.6340014395040987,4.282290843840535,-1.0891117292088763,0.9973662184432364,-1.2635548725792385,-0.2191698563994121,-1.5683715989658933
FnrA-1,-6.089094758406443,-2.8064289107815745,-3.595481096970328,-0.5526138330938611,-1.0529903721669345,-5.432111775670882,3.024180977612453,-1.0950650104195314,-5.196106868540915,1.003624784716745,0.950980217245022,-2.490170956549327,0.5858529603770766,1.141373884269768,-2.394271301023062,-3.409292942796985,-2.4689457379528266,-9.779712195394907,0.075514612649593,0.3906327731144963,1.7589460439536608,0.5279339759114522,0.2036543561653525,-0.1422303181511729,4.219049782615853,3.215415141746922,4.234353009983202,-3.127607754656759,-2.5938676106543523,-10.858948953869405,0.4382115232134189,1.1338494364159295,0.8118768457056645,0.02245764044974,0.6161670113358715,0.3011962823407806,2.055652593051562,2.234870205159716,2.198834483873496,-3.477780050786372,-2.908502766118828,-10.63650481700697,-3.4547340730522804,1.920463636564634,-0.2104904700375468,0.5401446602279592,0.0157278700099542,0.2175640794003943
Osmotic stress-1,2.689066993770293,2.445398162187237,8.033869800671523,7.664934243158654,6.287791433262047,7.072161212534306,-1.884112244451062,-1.6993444855877389,6.368359489454946,10.871612818550274,9.475581452465132,3.575535890432324,9.789886273546177,14.12788969129044,13.87652714701115,11.756177537359589,8.870049532507158,16.65242028082791,9.126794849744043,14.989893364518636,12.506856094588041,12.84188422975025,13.927478874352545,10.357334997200073,11.842870164776926,14.836936128447409,8.236551245758811,11.199880060151289,7.992593062274008,20.084904723457186,10.941568757881223,11.418043411973134,8.019002473415226,11.950645490177756,14.772909828573445,8.754385738894342,9.283248757200736,12.617063438483317,14.593075650121543,12.007712574111991,9.483402043782217,16.327162995424985,12.16543607583351,13.235210150324129,8.113457060245647,13.383808514391085,13.90570033105278,10.937355734292206
Phage-1,-0.9485303253699612,1.2333203354488351,1.9893617819924112,-4.174360330527029,-4.7425342955044565,-3.7946591925302817,0.449232086643356,1.7963760499389152,-7.7964116895434,-0.6138975622053543,0.3419952031165952,4.871141305829735,1.4476206776940104,2.074526739413204,-1.3008424010997444,-5.012911632021254,-5.5836116316756605,-5.307628983051481,0.0456250266007615,2.384500353011827,1.9410943710723296,2.807128435987965,2.616505880544472,3.3679644250202405,1.3205134891342287,1.3300134109228496,-0.3218872576641489,-5.445558628532883,-5.560058173287815,-4.86418527895562,0.2229950790336295,-0.3803786086594684,-0.1813046986613022,0.6006951446403952,-0.4655090099014776,2.069461586950705,0.566402537100624,2.058777777545393,-2.3505722856541817,-5.546099326067838,-5.793317185093184,-4.469712803683389,1.4219425559965817,1.995509554362493,-0.0682695696939187,2.3323889816244328,2.431314683732701,3.3736125351648933
Multiple stress-2,1.9102316383599955,0.2898714572849348,-1.2121422378023676,3.696258172264499,3.975548079643636,0.5575050287665704,-1.460488877388579,-8.114573455564592,-7.813524772813306,-4.1493674521348,-0.4197182206065055,-7.573863790662698,-0.2395429432739704,-1.3753406200457816,-1.7822900200902032,4.145119955268622,3.613122289738501,-0.4203187177198211,-5.390984222564994,-1.6140370916251574,-0.6433439650658193,3.2912502723495782,2.1130892002960144,1.0259179928932052,1.0746037193958,0.9247311669193152,1.4280898602731726,3.890894262384915,3.3796369336120784,-4.285023581821191,-0.2564684229413013,-0.4397588397934695,-3.3006575235001554,1.7110201336885376,2.302024219363937,1.0926728661814202,0.1521565302356919,-0.4510107391477744,1.8937122155974144,4.111760887356047,4.282436598721197,-2.4951543102042857,-2.972017002196338,-0.4123111222964514,-6.6958397001709145,2.7730117264943246,2.084982593108002,1.31768602200178
Putrescine,0.979896654730587,2.2844898284599373,3.2401418199760204,-4.017007856560121,-4.502454954232204,-4.350307213489339,3.440910855855113,6.6421941838313,-1.4203113610553282,2.033359868538948,0.3722112028372202,-2.16255081588488,-0.1618529442632353,0.454250398302702,-3.827535316598712,-4.203168762512329,-3.581071283120924,-3.508198330996378,1.2405951301093543,2.342024900276686,-0.4249998176672396,-1.6285041181847963,-0.4582739642701999,-1.037733182818746,2.528470394409788,2.1607110875013995,0.2993049646596947,-3.893439970302529,-2.569588778180078,-4.225182725269256,1.5247769342171351,1.3169019443311225,3.095211332369347,-1.1554485966356998,-1.8313928775106367,-2.478253015666118,1.2691145337774268,-0.0835009595527163,-1.214207570902175,-4.744346009243582,-3.4602076170940403,-5.730375077042481,1.0126096554095734,1.1799993267909823,0.3335436656453192,-1.6334437158321533,-1.2473031363005302,-1.318410175919312
Unchar-1,-3.309132601300975,-0.8830809701664111,0.197644890013422,-0.9362314192475284,-1.363587845666204,-0.6951584940684845,-2.1692002645192456,-6.880172323967762,-3.789417225567633,-1.399464887925153,-0.0711823260732825,-6.493430165228597,-1.9693235725169969,-0.3012880955748221,-2.720780601678164,1.143608761597659,1.3905359767788923,4.463513625258445,-5.431798344361535,-0.5922715412962993,-1.859319821598127,2.3167342259092814,2.7469858929473845,0.9994358660930596,-0.3770039269584878,-0.1253540819361168,-0.4743078148995235,1.025661446388528,1.248804184355093,3.4562268421949907,0.5100355288444124,1.0315708448599827,-3.464138129982362,2.51766633390202,3.1362242499817463,0.9771996207573004,-1.8895927881755936,-2.249147246419056,0.2054672530502123,1.3018442988808434,1.7166296883749106,4.46062363724434,-0.3860945233685908,0.1506905622717486,-5.690157444250101,2.4543056132188985,2.608823690068688,0.8508207001238549
Zur,-3.632252453181001,-3.4290697442923768,0.1992920307690283,-0.2221131605801582,-0.7535613049157783,-1.3092012481650903,-3.293984354114976,0.1340949647851528,-0.644905196245324,1.502468805852066,-2.445557797599939,0.9412260934521446,1.4616365840088337,0.6289794505938957,2.256551530581674,-0.1925124254246166,-0.3665497364569285,-0.4325444401122279,2.0575968545378664,0.6741593628969089,1.6125914875897644,-1.2829295755055727,-0.974070287944358,-0.5039569977361463,0.0028629468202333,0.1513612339265627,-0.2701586823742634,-0.93300368600844,-0.7318296095261809,0.0833504582628317,-0.916737592758757,-0.3978653985549552,-0.5056486288791782,-1.2568309337553634,-1.106198070475557,-1.0227824756827573,1.777808605366423,1.5678853178556995,1.1945591210512756,-0.4400997254784169,-0.8387489467775087,-0.2402682613270333,-0.361638026427635,0.1352505229821581,2.1320068416562994,-1.6617993492080527,-0.8881348994554082,-0.9238346333493608
Unchar-2,-1.1675172568714631,2.9718201090571177,-0.8785849344475587,-1.3983035044584575,-0.2739382367332663,0.0378642555505335,-1.5771393886030585,-2.471507404153363,-0.6512606093726562,1.469280531657203,-0.9253871471842392,0.1117412051818393,-0.111612062795203,0.9615235665046842,-0.2699653885695481,1.6778026496189846,1.5411414763702482,1.212618442966419,1.412188487604988,-0.4328863085047567,-0.6917920837816817,0.6861572032513981,0.7360030659350616,0.3546803782649929,-1.0799953135781084,-2.030384606087069,-0.9530275105299474,1.4341169536509015,0.0222437105194083,1.6153741473399046,-1.3861707793259854,-0.9032907027006654,2.1512645073633454,-0.0257116295433339,0.3926476629809514,1.2407125609387737,-0.4770031501030145,-1.337353782053274,0.2776182675649552,1.4920217612528943,1.118528673825811,2.663946064603364,1.4249375633697552,-1.0338172995194908,2.630645517621417,-0.9725500596251816,0.5448386930422648,1.4908493994790843
LldR,4.1565333233655615,4.084467621011735,4.758629026176048,-3.07552359876457,-4.244436323426018,-1.995244184730114,1.0256256739764769,-2.6156958428684405,1.6689789843516238,-0.7059970687285608,1.3006584085239514,-0.6745193702377865,1.6644843069619994,0.5033814409425436,1.2606967021506426,-3.638730058285563,-3.63291743411643,-2.636337216500537,0.6084020960149137,0.4175682978735888,1.7642330376988045,-0.3864524158601863,-0.3797364229944415,-1.2540216213153963,1.207118982444193,0.3397052737498196,0.996759072523566,-3.667784202886561,-3.3792477272484303,-3.578229149374698,0.4479169486359026,-0.4119818900283593,-0.9153522342557656,-0.5642559708444556,-0.8503132581282005,-0.9701160993393652,1.7818462821396492,1.2523535658103695,1.200557454607162,-3.101905928247416,-4.022058871890966,-3.244211274810921,0.5471464773537117,0.369445595058596,0.0244093946663447,-0.2483311113345139,-0.7403963786629792,-1.36593884835751
VanR,-0.1088334944241141,-3.1226827106404165,0.2678278686768971,-0.8427829328336386,-0.7600842678019083,0.8812351098509692,-3.0029138974491114,-1.6110880537300272,-1.139476212744547,-1.3254241673233298,-0.532823326418563,0.3796894401804903,0.3808174776863235,1.3754693885226286,0.4366694519417238,-0.0714826203393017,-0.7163340161579392,1.7760486954772403,1.853618013967784,0.3056147921303074,0.3771177163310454,-0.528231278076994,0.1722460019825076,-0.5489716615869058,1.0492382907580766,2.161119397138666,2.454543827524181,-0.3983036288770868,-0.748436834376018,-0.0967892080170856,-0.6684814567683082,0.7487460190549001,1.1977009707331157,-0.1109465464761949,0.4916883667527947,-0.7835937565721462,0.1392056982676686,0.2242137600031905,1.6049073538583958,-0.1993778492216462,-0.6623831881201128,0.3568627328079998,-0.9276795617630322,0.751799014292796,1.8896975561668736,-0.2023539977555218,-0.4082626720980372,-0.3670527776929749
Osmotic stress-2,0.3607295132917094,0.154140317133236,4.866481909942204,-5.871819188233973,-5.532899897236061,-2.8703428798261243,-1.5524497631781689,0.4094624081327681,11.165265329000205,-2.0199809969242377,-2.267756152419022,-6.074991034966437,-1.3322338468389838,-1.624075106556385,-0.7767502552138642,-1.7597733000263505,-1.6477835215626064,13.433003437564984,-3.481013873834049,-0.285847282661198,1.4004195765914556,-2.910994576396128,-2.4759258396544386,-3.2391624295532537,0.6163678393383725,3.3971529936918934,0.8645133504192981,-2.3266175718675166,-2.1341271264867543,14.45886065572801,0.0378763166378196,-2.540956787187614,-5.004135189215745,-3.792551287650204,-1.5255912875161606,-3.944162006645208,-1.2881810847727553,1.982995582198842,3.365157940969956,-0.564997703404555,0.3368306775846449,13.051819890997264,1.5495016244916449,-0.2671155816822474,-3.9933518230651712,-2.1839871724485347,-1.6925953944612044,-3.223447589178049
ColR,1.253225021476564,3.553934372343861,2.061489499234224,-2.2331324169675466,-2.315353131328537,-1.0833574605767025,-4.561144295510222,-3.947495923603064,-3.0143446818762496,-2.565337587139327,-2.830290352560995,-2.9346100620937827,-1.5035993739140714,-1.5961438533065615,-1.055104920746813,-1.6131720811315895,-1.52853089408428,-1.378983083079852,-3.6701528027684622,-1.5021321253562334,-0.1289668618639766,0.7740521533929823,0.2865092673187446,-0.2141274203570698,-0.1682690689635802,0.6889121290292038,-2.442354860842096,-1.3611986596270365,-1.1669872110707984,-0.4779105452112752,-1.4893389453917465,-1.133262771621317,-3.331306283050153,0.7796769306220371,0.4611468892095615,-0.6041848658828965,-1.3283748672621227,0.2955334266667868,-0.2374549792355989,-0.9089493127011412,-1.0002082006141195,-0.8695962637884503,-1.1194384995439783,-1.3888884634846113,-3.610419739770021,0.384986400742671,0.4389920465549908,-0.4030816511559263
Unchar-3,-3.6354579515600434,-1.3238798571337926,-3.741801257940543,6.816035800646305,6.455779132911967,3.486486500422413,-5.046514343635242,-5.474563822545184,-0.7594627753003271,-4.969475002918338,-3.0237954058389933,-8.558840761015698,-7.314588450999025,-0.6393215134658619,-8.911383447636895,1.318784713462793,1.8505437908458493,3.17171717388286,-8.291017111510344,-0.4606847004735088,-8.800995985278778,5.168643054798864,4.9857613569936525,5.074709646597099,-3.2312995457643536,-5.446430279236996,0.8598730581181807,3.7916345989441567,3.613012759774966,2.504808953239577,-0.1088314289993932,-0.2941431324858995,-6.710494010502126,5.478868669474279,5.051684342800515,4.834610390377332,-6.97587790242933,-8.614378317567668,-2.679926159487252,1.817749606312624,2.743888406212165,2.372534163880691,-1.5086520262720189,0.1154694260517019,-7.563637569101473,5.288385476483554,5.663263869202535,4.879473536542773
Exporters,-1.1514758161265617,1.0460710146079688,2.143583836316744,-1.546793535231675,-2.227783105502993,-2.268526530924036,-1.0362000496037869,-0.3494371345364455,-2.5175634129412616,-1.9032489425651296,-1.3551483340548098,0.5082881596806276,0.6159369830777965,-0.9562246854032604,1.2874577756076526,-0.0797512974967631,-0.6620435668439391,1.7272906598153766,0.3720069087340998,-1.4293946394593198,0.916907214728003,-1.032850849044249,-0.5471404465216938,-0.5670835689333628,-0.2276129846439246,-0.9870045863574596,0.0294560206570103,-1.5284566840872704,-1.7776232898644395,2.501939600456638,-0.8019506032234224,-1.601988414337225,-2.2875814848436,-0.1994698390287199,-1.320201713328917,-0.8677181439141242,0.4674510412475529,0.9552129589888269,1.6254896341544125,-0.4309826650127269,-0.2928775015623203,1.4516463684616645,-1.4467286747261303,-0.6181377726036984,0.3516383415125358,0.25711285367079,-0.6464063147544432,-0.3582265702606524
BenR,3.813525005627507,-0.2878904201845575,3.1394014564099857,-1.27051693696249,-1.255349010927188,3.874033397602156,-1.7704013004341448,-3.793878918504736,-3.875287210827481,-5.293149219358384,-3.1418509187183528,-4.616445159740379,-1.5852069413149668,-2.808856847670958,-3.24124665307541,1.7560248741993227,2.4515571464065955,-1.0470053670963662,-4.028090971133491,-1.930233290323446,-1.6516738201251446,0.0182893850286136,0.3535596788057026,1.3630174654033436,-1.0845613610433822,-2.7492009035234464,-2.8550320300467105,1.1993495543625594,1.5037925438472357,-0.4889600281412123,-3.836346123249673,-5.026897749273662,-5.555933874786933,-2.4732908789416967,-1.6614799986908857,-1.6854513711385133,-1.6348125485511231,-1.523704215393223,-2.346466785308308,0.7806698125683369,1.5589481938045568,-0.3767381481056022,-0.9534119870737005,-2.311229095589365,-3.776869522357124,1.0444043383101445,0.8724968465122942,1.229658610183899
PtxS,-2.162703141016744,3.603433013320812,0.4281190265984526,-3.009180910821549,-3.0934426478606394,-0.6921398276158561,1.7383567458596243,1.2319674542457428,-2.1553039287723155,-3.322554142608736,-2.257851331280561,-1.5609401803826406,-0.5998882278113965,0.950741156576329,-2.0233411072449843,-0.8239976551694952,-0.6342715499425744,0.5559731631701563,4.043676118979767,2.752711913252469,-0.7690035450299373,1.0028671536448772,1.2981638633885084,-0.2517444237673974,-2.127540426359481,-2.7073694304194222,-2.735339090095956,-0.9277718724157769,-0.54287796953463,-0.0168314860460954,-2.9756031434508943,-3.469083622432427,-3.064278673316796,-1.0440946546014749,-0.1025708931428898,-1.910184431309764,-0.467638726158148,-0.8295877388743598,-0.4930453826525932,-0.7840833529929484,0.4748401111753455,0.9253750268188516,2.868801189669828,1.560818709964019,3.505481297376711,1.5918947608545455,1.467462066260506,0.0092113448482581
Noise-2,1.535319669506631,1.771189280960615,1.347262255145354,-2.593496103175663,-2.125060992211134,-0.7524165559684568,-0.6895101677770972,-3.3659917258082066,-1.3542689294993662,0.4902214676447505,-0.460547201474133,-3.808405796251045,-0.9663494548968729,-0.575030395798629,0.0890485230544881,-1.4223435049419455,-1.1256401666607414,-0.9512463152430836,-1.6397135676518302,-0.2497365163730052,-0.852662862728357,-0.1388223444022926,-0.0281471789716458,-1.3732507747853542,-0.1422294284645455,-0.3303749155117356,-0.9172368656829089,-0.4116926494184428,-1.317384009167774,-1.605506759124678,-1.4723056936047283,-1.7487425756886197,-2.052084968763345,-0.2644430532821544,-0.4723872179867974,-0.6223700357252067,-0.5343509892376725,-0.673757775269855,-0.0592897278241822,-0.6549170194095911,-1.0349762927047983,-1.7308451433318448,-0.0830711202472689,-0.7239514987823203,-2.0160475125548323,-0.572104353616141,-0.1316802864111581,-1.1429857730603628
PvdS,6.445958556501251,3.147339032552588,5.352149869677477,-0.8751145435796889,-0.9483773476086794,6.907751618304742,-3.6622715482972095,-4.560332371180327,-2.4254427048210263,-6.872284220544006,-4.9655734260434405,-5.319442946441476,-0.921218359998009,-3.5251859373920813,2.021275941431272,-0.8745786340254631,0.6514087326285999,4.58523658438059,-1.2396966327788106,-3.609347712444973,-1.1436429922433915,0.8624723948558871,-0.2744873888775877,1.8702628344684649,-2.5481088554253577,-2.6052414897687743,-4.493239138111911,0.3867975940604837,0.6902839292837756,0.0307813223211304,-4.141669584764304,-5.484422955152757,3.5226619863020177,0.4769144523556696,-0.0734754446411507,2.3058512697404625,-1.6354585243409765,-0.7552387196167039,-2.3685123337990936,-2.939279453076681,-2.308570601756829,4.462622636176054,-1.4022279469523733,-3.4981047381658854,-1.6294586125494563,-0.9252850826115996,-1.2372844823423184,0.7782646616287452
BkdR,0.9042496320706712,2.079885973993868,-1.4588259594404824,2.175438946051841,2.483753861088664,9.141068760191038,-9.416425395570448,-22.82779322705621,-5.650398561753423,0.7033865208064068,1.6659923492386048,-25.720007236455228,-10.180242263591044,-1.814757920209267,-12.579190754498685,5.9365297257067695,5.42718333107463,13.152907493913474,-24.0856232583316,-3.4807366188452424,-7.5010194157271695,12.80306230165246,14.145894583904235,5.867391440774572,-2.291298207715143,0.1349539688101012,-4.302638800140437,6.643717732295249,6.990691727461038,13.549361034876531,-2.8601271459968816,-1.647734274025812,-14.26605264719813,12.057643205239287,15.219238534037324,5.086347311376977,-8.665003968373975,-6.369048285052564,0.8710636051182558,6.258775884215037,7.017189995053885,11.415836513901132,-1.8210469358456185,0.7362579436353403,-26.760910748269858,12.663285411890936,14.14714912569535,6.180902891024412
GltR-II,1.0368307385378746,4.008272940393328,2.7324724183207305,-3.2754251140397828,-3.372562749888448,-3.022987314904515,-1.2657144327436387,-4.994138568421923,-2.7632522308196346,-2.071800037239401,-1.830793558587604,-4.0418662968550345,1.4973702188200406,4.776402229065131,1.2801110838738767,-4.02096505028967,-3.7339690882450367,-3.7726520209530414,2.825653840775537,5.835472588837117,1.017260924787819,-2.5586372071004795,-2.515176194658585,-1.9222593872581688,1.0302194086791645,-0.315229223798983,2.685173145510924,-3.992490098513054,-3.6908920458830927,-4.037580305251587,-4.6894175396642686,-4.2793312323094375,-3.554248843824932,-2.8651481850514178,-2.9256085781061367,-2.961782705291341,2.173250207154442,0.7588144314010811,1.6156817272867006,-4.147931233109048,-3.600216893078722,-3.9971432898027097,6.608458222949165,4.77724527119079,2.7188565118572448,0.8600254575296221,0.2290734440130365,-1.3874627684019192
Unchar-4,0.2935107882094432,1.599931216926352,3.4020518099313355,-1.2627324732857903,-1.821006255180941,-2.542631229384051,3.718909409980237,2.431655906797028,-0.2808083934353681,1.4697888757558475,-0.5274567298482173,2.8499209151681546,0.5456430053134395,0.6968460788597495,1.0160333282367215,-2.184234838318833,-2.4934170393684574,-3.0914947642399,2.502102060935573,1.4557195565187726,0.7129810305648135,-1.933449950010607,-1.962385420256944,-1.310611002402334,-0.0708439492489118,-0.3323756949608608,0.6499202767734332,-2.8996446673404845,-2.48788695335592,-3.361318610631851,1.5078452721189584,0.255998597713766,0.8809531891196911,-2.5427382399613068,-1.824737019667723,-1.089872025125849,0.4995607332626531,0.4326783942496076,0.6294423609816893,-3.1119286019453853,-2.3963298782630336,-3.4894502053742507,1.270713328371398,0.8599587467131193,3.0230317148275523,-1.9361718231099632,-1.151505773356829,-1.139057867106021
Null-2,-3.4579226212062766,-2.1003628763037225,-3.306945641982999,-0.7437478837090036,-0.0317324360009214,3.590756566484768,-11.311152633503609,-15.356455226039614,-10.897336643399615,-0.6877688915862473,-1.8723480729137325,-8.750386202541064,-3.5111809412885258,1.4380119774689537,-7.664209156097392,1.5865988211809516,1.8573932954316617,4.470124479498992,-3.871821160056016,-0.5994441976428757,-3.303777901719802,2.497389427712582,2.283536918270064,-0.3231506045434433,-0.5912966659810435,-0.539137485123888,-5.035075722729238,1.7805401975745947,2.1295205173348792,4.397011876942045,-0.9429987162479284,1.0166793583343663,-0.4021550309702683,3.785475720976013,3.7472170549592185,0.2581365608910023,-2.138114130458031,-2.9974674873498675,0.1787455114795625,2.3417635737185507,3.413987938700287,4.97473312332729,-0.5593096046576225,3.018285772250745,-4.373792205146762,2.5915671947115446,3.532022699773669,1.481842743012281
T6SS,-0.528995751982489,-2.792939794538295,-1.480114490194156,2.116453107339174,1.9163649051514764,0.2631285941764905,-4.094597266581225,-1.6714353282874477,3.40318631325302,-4.784901417998957,-2.662219505117049,-3.821807880318653,-1.905549092453886,-0.8322655327272923,-0.7340043482990168,1.417066377569725,0.7731612266318101,5.297824582751767,-0.5732511539648693,0.2894367894934547,-2.023965867980918,0.3905909016128805,0.4536632037271635,0.6587617496348598,-0.9719831690698728,-0.2266390831491538,0.1243374549873083,2.7910330530725664,1.3582607375210214,5.470407562716025,-0.1709472944402794,-1.113680690915678,-2.7055318190510174,-1.2904249663265244,-1.1492893719631256,-1.490175833690952,-2.099722268334866,-1.8417473487026907,-0.2001166988144244,3.356719319012004,2.287391851310918,5.617204603066187,0.1352188281257038,-0.270840705642217,-0.0972744993065505,0.4470681985678457,0.684451260146607,0.933264486656674
InfA,-10.812317196229662,-9.494912208681017,-5.314560404365303,0.9114385125544658,-0.183878317973842,-8.567008251232316,-2.1572775406508886,16.29290359811017,10.895366383498644,-1.187920593795213,-4.312222534907495,15.623644483957907,9.75664916777935,8.900937663469827,12.10524347592581,0.8839345544175301,-1.1594769207471292,-7.941618959166808,17.427227610242074,11.85816988949597,6.87163697062782,-8.31476092883248,-8.198548153454581,-5.19696920602813,3.446610566118687,1.2963347368192757,10.43216126288217,0.4472949014137934,-2.8449412304848307,-3.111967624863537,7.791891743444244,10.238424776237109,13.71052464034301,-7.697170125565613,-9.01531388717745,-5.099731556764973,9.172556118232984,4.916291017100549,4.573092203505305,1.9106526914814608,-1.1802625252462016,-4.266547471918139,12.008379753131615,2.8178776486118435,20.891854483123616,-8.538487760950758,-7.860541777672292,-4.049137260473941
PydR/RpoS,-4.606574352004005,3.068655215017668,-8.81064572187863,9.226688893223956,9.935691145170455,11.261470870665349,-14.093070594775314,-20.4740135180649,-6.057295783064843,-6.587118203822,-2.95709107347618,-32.138624994119134,-11.272574078223846,-1.8198971420348016,-19.48013326293982,5.038686016340749,6.863153839471624,11.137033244196836,-27.87089766464451,0.6038279791290407,-7.824507756047168,11.06026465848124,12.16916362039493,7.187813962555447,-1.096864604279657,-1.6681485455965437,-1.6493018834160482,7.218264198422103,8.54064900549962,12.260826104115898,-2.0128188445621102,-0.0392031187993849,-15.28934642408772,10.561208255808952,13.509259103915957,5.108086452174084,-7.488288038437123,-6.638186155491536,-7.537082566414263,4.738890918413166,7.266953033011715,9.444931480934873,-1.2199450420026738,0.6123555231462964,-28.63884101386309,11.719272678688004,12.746348438233673,7.92992458703153
FliA,-1.4628081316793422,-1.8345864104225056,2.5763266421523365,2.077338896478291,1.7555651797798624,2.89828725946736,-2.180332005936405,5.183155697410065,4.267973053889936,3.643086690471101,1.1264470982946602,0.7170256580748692,-2.1609445073746887,-1.6172380807367073,-1.8349941837928272,1.2345858015056788,0.734431635272102,2.199988862511172,2.6058529836279805,-2.7151903360105782,-1.6799127962768798,-0.2387688265000683,0.37234874183497,-1.0919663300389686,-1.4084421310251796,-0.8502409022133217,-0.1630844868554333,2.4980164871357515,2.5473620188918744,1.51080760794449,-0.3512850408210015,-0.4698153830065765,1.451178025834877,0.230827784388794,0.5214441286117324,-1.0104948535940903,-2.020718726798936,-1.597926481953298,-3.593492307805272,1.9348132422604405,1.797225168500863,1.3226891179251936,-2.8471453224709364,-1.9974303417996548,2.7524611101323933,0.3063012721015041,-0.1638036353199896,-0.94474047681005
PplR1,6.1712621366191485,7.135576833082281,1.163559669511828,-5.310734304591821,-7.325782708628295,-1.276240255026414,1.1044231661705122,-0.203623149218208,-5.6708733674683165,0.666220536396047,2.838629583382767,-8.444115090918753,2.343680259226454,3.582452100775194,0.4486858595483703,-5.184061090525298,-6.373283632817276,-3.66497852007711,-2.245733162463156,4.4687525085463085,3.3702655783625426,-0.315110162167077,0.4711980069279826,-4.712772525883526,4.277402558644922,4.944498446907055,3.7882653935981225,-5.229201094706815,-6.18122868451848,0.5032192772830796,4.527361738831263,2.9189373715785343,-0.1594032729136088,-0.6983252490591916,3.997267237369672,-4.833903758468726,2.514582246258179,2.8790513165388893,4.592917874446399,-4.459779648355316,-6.625972776665618,-3.682755849126629,3.763914088606029,3.1782016148971524,-3.0320221839440573,-0.1618001134214484,0.9934057727092462,-4.097405850216348
Citrate,-0.1802933452468133,-0.5652843173914069,-0.2252096034976806,-0.8182191223722446,-1.505100746076438,-0.2779790101467142,-2.4431698063133034,0.2887396323186817,-5.36111817325838,2.074636091690405,-0.2425855669285517,0.3646435937959927,-3.1830343814257964,-0.1691267884323279,-2.9025738712507443,-0.7054482942283651,-1.4116890982467094,-1.627407074762225,-2.8845902674447705,1.0183190583918331,-2.649907912285793,1.0428819709252817,1.0813858842294253,0.7081116560605605,-1.789430814819272,-0.5996186446328859,-1.5778743056360929,-1.0178228975095047,-1.2664191875135995,-0.7471296512130399,1.148105999610492,0.6015521559171954,-1.4888495114559814,0.9952790597088114,0.9626347217042116,1.2770010365403752,-3.0608463335047604,-2.447058650130697,-3.4906411914268287,-1.3847601553373443,-1.296510260799182,-1.3490699143827385,2.956110714828706,0.1180787971843621,-3.340673610612688,1.5510596928273783,0.912481549699768,0.3164605805654452
Unchar-5,-5.884946298335946,-6.254260567693738,-9.14084155217528,2.271003525222047,3.102002785363748,2.707624417739515,-6.509918157755631,-8.68361746437213,-6.760425761777164,-1.137239921550911,1.2458991338488516,-0.4461180077370814,2.421850748665224,-1.92069814481289,-1.195931287797041,1.7083163697661172,1.6881471197023974,3.925978900681981,2.215556482901685,3.383695555512228,-2.8270677960364035,2.293729650757242,-1.6974949275596267,0.6184862445648533,1.7973427643142863,2.605008377791595,0.3666222092237424,3.3056654098077005,3.166819710466505,4.308615074212525,3.585122407698383,4.490263149473424,3.0710198502216,3.974709336197497,2.8564109374742745,2.9956970470457907,1.127062426699846,2.239784316611902,3.989878495331266,3.8352272387609343,3.8614396898101866,4.8828554231381975,1.0451439976577055,2.147840053567732,3.32770234584899,1.1176752282920188,1.003817230633001,1.3942169591247895
Unchar-6,0.3229873691731173,3.3672407629313,1.6066804816596445,-1.490887061621497,-1.379752536935519,-3.982280051758007,3.028629115692535,4.16252047207775,-0.1168895632872186,3.110801477777536,2.827359645140401,2.3494031315980948,2.415618393907564,0.5830995250819444,-1.8364770209530588,-4.422173002278504,-5.038637353470722,-4.680266687923496,4.89008124956881,2.249290421577003,0.1584778311256109,-1.7163357014239802,-3.982626310366127,-0.4077245566025096,2.5776245688080426,0.4374159128187891,-1.853131204022268,-2.989634524573103,-2.932221192418958,-5.312882416120938,2.5312135150246955,3.987676601562456,4.036294812882849,1.4570017388368566,1.464088172461681,0.8830902519124169,2.9457030100321857,1.2674739010152456,1.8216368692157467,-3.482710641065133,-3.3113471080229164,-1.1306144252161925,1.8229240587804725,2.879033464559136,7.740186191085348,-4.72986079973372,-0.90505948324755,1.6617439659734583
AcoR,2.6998719557406115,-3.162541137160454,4.642675412550247,0.9191403165430284,1.7211481058492808,8.776454722528168,-5.188069909607284,-6.561548560199936,0.0876818349501692,-4.534038930389157,-3.525801318816443,-5.966442928599001,-4.881281923180818,-5.494704164545552,-6.331234189916665,7.727591360723814,8.090374022767563,7.835811667590454,-8.741437110260142,-4.251673819458965,-4.426704585926431,-0.1689285202489498,0.9264860425787024,-0.4497601637198473,-3.6533645803350425,-4.351897404565308,-4.63087852556296,7.296721074694171,8.406155173922913,7.485429244658293,-5.5979757813527,-6.485396700777864,-8.496797156926384,-0.8411432645736414,0.2364926302076228,-0.6654223566720014,-5.211890855386858,-3.963718274263029,-3.9773640881095496,6.640880668919543,8.267292119372597,8.141200993486526,-2.265554048247708,-5.092212317847314,-8.830511776736905,0.2201098309683508,0.9583428008574936,-0.5266405092233563
TurA-1,-3.0558765188976054,-1.792500541564222,-1.404364606762192,1.0804508938069464,0.564282094856565,-0.7090174442781615,-0.340299581970634,-1.1028516076478092,-3.656672029100699,-1.8784121304799968,-0.9457595905111652,-0.0660160505029939,-0.7204568851124162,1.1298338376192023,-0.8734927884580184,-2.394041051713293,-2.1710279186742287,-1.8909623353272849,-1.0191113586923035,0.6627091091580596,-1.087770498512766,1.049240267654259,0.7952903867373312,2.0818413224512127,-0.3674189190959822,-0.5979849419363592,0.1865153120204714,-0.9808008223197228,-1.3233663545370855,-3.1766616956631526,2.004532787231572,1.3877885861254096,-1.1647466641450432,1.857933673470892,1.2151121544636678,1.7343311433000383,-0.6964157899733747,-1.2931839855960283,-0.3058143900690329,-1.4080127295075595,-1.3861239776845575,-1.848807568366788,0.8074490811069595,1.5940166471827828,-0.125390697908772,0.9496018818024248,0.8189801729789409,2.4538914213828664
Genomic-2,3.312803535934637,0.977968811988948,-2.503914884474264,0.5522626163624114,0.2316817822041402,-1.7844769819868047,2.4539109398480017,1.9500593066974703,4.55150902898943,1.8664196264241657,0.5817244362550531,5.811938669907518,1.4528362080036228,-0.3029464979105621,2.2673912254865227,-0.828345348321684,-0.121058743765122,-0.5756239361638802,2.5827900703504456,0.9140453609096312,0.1861327387343698,0.0895665653299092,-0.6918379352682473,1.0643781584171346,1.303154984533053,0.0148995574899935,3.0443744988627244,-0.4344538496830035,-0.9015230423775796,-1.5680668283043526,1.159298003941303,0.3480981966409997,2.010677461050805,-0.2921387099112522,-0.4056279862021885,1.1296319633760454,1.3815407970068905,0.5321664623591917,-0.0097940460872758,-1.2755076293051828,-1.1161297900949854,-0.5277310956536136,1.3681806115189172,-0.2389673148050539,2.9913668531409243,-0.3177156500914027,-0.3702829828207261,0.9185540284679452
HutC,4.817496032193645,4.078990129205064,-0.1064705763936206,-5.463478828715945,-5.438566916642776,-4.945677546948549,5.058796223525138,1.9372958810085248,-1.222633647066404,2.44459393304336,2.9382158623408405,0.306324131984154,0.0333969841681569,2.718137974970648,-1.4347741057140555,-8.15835660653993,-7.748864842930917,-6.438392745826462,1.1663823248100882,4.738703216147437,-0.2705255442196103,3.312624069344184,2.7343128529646017,3.93098267706531,1.914863668812244,0.587680896491203,2.12120665629695,-6.776195961717385,-6.557934067120213,-7.587511768762823,3.1630329215407085,1.5578660227828545,1.0101690684026412,2.6278916168511195,3.2730354868507394,5.060711031726506,-0.200051156109232,-0.1688387379742,0.1745884331462704,-7.226013615421156,-7.311843045947809,-7.562392044029064,4.512561843521006,3.2685961000447223,1.222781092311591,3.042811025271228,2.774345324284279,3.933684885345212
Unchar-7,3.6383450190982254,3.0361186822424253,1.729535775933655,-2.3391392378165605,-2.282514837233064,-1.5360896528169117,-0.4570003458597523,-1.7065751066608486,-5.085609208711055,-2.9932525234837257,-3.648317174899935,-2.9497864871009027,-0.9172023652053792,-3.733934245003439,-2.8631393003720707,-2.026968383123672,-1.6816303109000057,-0.6241435988125325,-0.6341420995579293,-1.7196075589907536,-2.034387584691343,-2.751523875750228,-3.490059741861674,-2.341809296931898,-0.7971739239192442,-0.3114588110428186,-1.658382110243379,-2.2036737927539565,-1.982771148383723,-1.0534626188143588,-2.726010714646538,-2.640730914115653,-2.655966903811245,-1.4016489509105283,-1.163072279336861,-0.8609636425328437,-1.1016963292153623,-0.7790971494147463,-0.5218037595475026,-1.7924665088752578,-1.2600564147928413,-0.0451696351280269,-1.958283838045895,-2.904686963912324,0.1191052706715671,-3.0511205781180752,-2.122238257942989,-1.696268684729843
Metr-I,1.6549798359541,2.107010398139368,-1.3773779735535046,-0.4639609875005014,-0.5799513657557993,-1.980945470763393,-0.7758870045686674,-1.002628633706149,-1.3120392801023604,-0.5076415278259452,-2.2586104473551747,-0.0488506242695772,1.2991791687020482,-0.2928074294718444,1.3374279450673787,-0.7882698955751636,-0.9816334233944832,-1.4754362064521405,0.3816661075867235,0.1863692849698965,1.4577335348864122,-0.9355799848115444,-1.370288826602077,-0.3683340472748686,0.0555200205234819,-0.1529723391536016,-0.4523785465616082,-1.0386583320942913,-1.2149154954544183,-1.75097296870812,-0.9448392158343504,-0.1270226136350009,-0.4048587266350116,-1.6376169182200886,-1.181570163092693,-0.5655815839623082,1.367325059439776,0.980461919194572,0.7234474330242217,-0.930156982361966,-1.076304398299941,-1.985241636726955,-0.9932923000285308,-0.9991582465848828,1.0265262209923387,-1.6460024909137507,-1.306153845648457,-0.6407471415349442
AmrZ,0.5807999276592744,2.4093058014418296,4.424099015744801,-1.8122478306008447,-2.643844895354354,-2.517697436685388,-1.6132577733047273,-0.309563927911764,-3.0178911649908,-1.6352011909726016,-2.169955472848346,-3.6799631427006783,-0.4027865583604127,-1.251189298473098,2.4631693565693533,-2.9557256835222785,-2.50876251323139,-1.1750910556153018,-2.375542896372864,-1.3913834855279854,1.4941779876828922,0.2775112882107062,-0.035926455839128,-0.2069407523962835,0.3284703028603278,1.1203896914613447,0.1702786563797603,-2.412821530688696,-2.5261608136907587,-0.6483872738888101,-1.855555468453252,-2.0425995366795977,-2.9116741223058327,0.0130246827974788,0.6675917953773641,-0.3656450138768369,-0.3216661239834377,2.0669033844230214,-0.6570036919129358,-2.3917319993750548,-2.27351992879866,-1.6422577277996702,-2.30947015185117,-0.7793680701392279,-2.379689739193981,0.2244839741206578,0.9654430980680622,-0.3613246530507771
Noise-3,1.888184435959452,2.490359836998982,-1.422969732967739,-0.4428663107794213,-0.7090223529048048,-0.2738337097782474,0.5188216442246687,-1.022824358032278,-1.419376971146766,-1.430564772444937,-0.6750863248877805,-0.8074447736204096,0.6827891439338379,-0.0791106474669723,0.2774476527273183,0.0090887425743483,0.3352416140050114,0.1576031993241317,0.2668565581730457,0.0236339973340504,1.3368752832020374,-0.2682592018482286,-0.3444796540551441,-0.2169360094258522,0.3822510864878908,0.6004381197073454,0.769444575831812,0.0924913302531013,-0.5721262643902039,0.5588541433957223,0.5314527214509922,0.1246902068812344,-0.0869179775575971,-0.8168477628431928,-0.8940815357880414,-0.0387394166172416,0.3741223182093504,1.2528957254258817,0.0534098492722023,0.1403765423084918,0.4151852046251658,0.5745334697852814,-0.5673400727050568,-0.0965093197286283,0.9162060979266832,-0.2118081680791991,0.2337226980907026,-0.6805496305034903
Phage-2,0.7917459477534452,-0.930478250224237,-0.9491195449012164,-3.4658385115370014,-3.492957137311119,-1.380568252772199,-7.286655157620307,-2.736214131337056,-1.9201254728217,-1.4511621797277945,1.7251728367611827,-2.5015473710723297,2.1192981593299103,0.8905023549695085,0.510815747914234,-4.711636781463623,-3.636369124500805,-2.858389431929262,-3.8410032247926575,2.29689651084269,3.4875914937851067,2.961968685156344,2.4822939226339296,2.614913317638932,1.7264144306923326,1.128638674143629,-0.2874911955286592,-3.200539886752153,-3.613697742137563,-3.5678731205220555,2.6930339263913723,-0.1286627560079442,-4.1229401569380775,2.621552151320251,0.8963762410809445,1.6247559163409926,1.284145011831375,3.1623455425824583,-1.6634422574297008,-4.428956369270927,-3.0630105130729923,-2.652043590339924,1.361577275206351,1.1039239824082097,-3.2500868073742564,2.472327260809313,1.7515516750034492,3.4052983766124374
HexR,3.506434723495526,1.882367455242337,3.8018777303110056,-2.12763042711597,-2.163349386633325,-0.4290779975838604,3.993916909017544,0.9328369142437322,2.3200152091295005,1.5636411190880817,1.4334305763452069,1.371132285627365,3.515824946364861,-0.0503542454011734,2.501376044745814,-2.70427116032064,-2.5929642456179165,-1.449773809899371,5.977552342907448,-0.5623981259446091,2.3689388161243423,-3.5515498583027307,-3.275201968962,-3.0591336601426,-0.6039493084069776,-1.2603282084000298,-2.1394163364318053,-2.46202377727497,-1.8284905865889567,-1.5930801498896263,-3.516925141401979,-2.836463617035357,-0.3781717053835692,-3.115666062210062,-3.247258548481051,-2.5047726957434344,2.62982024662131,2.57259180700676,4.002621735531134,-2.508803605731048,-2.133714572053412,-1.6027786697952784,-1.3017814730336288,0.0514440207622113,5.418970825274413,-2.425976207245342,-2.6451436494890266,-2.7999212581642685
Acetate,1.80548420074301,1.0506853833389134,3.189407644371085,-1.1875237235771576,-1.561953384526756,2.659788986421256,3.0236515547187675,-1.3241257541148712,0.8159188534027766,-0.0178317590151416,1.0977725602380692,-1.3697074043839714,-5.070613934053831,-1.2404213598246967,-3.368831134783844,-1.7845161878984557,-1.8042294847998293,0.4544829445823098,-2.200479838877882,-0.6385457243599748,-5.083202208285982,1.8388071872725789,1.7400043480680036,1.034722878424733,-3.639397824334597,-4.687875920784446,-5.631548684571862,-1.5500254180596726,-1.814949085985501,4.46142677292856,-0.684086022768136,-0.8926974208308471,-0.9290069930405416,1.8951102861210023,1.0711778994778751,1.617687944773642,-4.356357849451561,-5.027342597430804,-1.7674525961112757,-1.5406094319160766,-1.673038670426925,2.1365473362496026,0.9184461047235396,-0.7741173080568073,-1.6886687003746896,2.573745235956767,2.083558301957534,1.2598382534232484
RbsR,-4.552044100661377,-0.1625338625657029,-4.058788598097211,1.6052421824703516,1.72923685831729,2.507748413193136,-3.1290955239005425,-1.9167983959478443,-3.60271283823144,-3.627366483950017,-0.3456427209022245,-4.56109189137921,-2.08645105083162,-0.5593638152895519,-3.4151946073362587,3.49204346085944,3.6024177407106266,-0.2870009171124329,-4.494968698065383,0.4928884309489884,-2.334767968342974,3.614042529039853,3.9131724325732655,5.111768315348917,-2.000163515994166,-1.420264323018498,-3.405977846136448,1.5124532831199475,0.9560579918184048,0.0862352215669425,-2.7499623174191927,-2.929392124050456,-3.5790403150978065,3.4059100458127154,3.898634837979035,4.924379640272324,-2.429394737897189,-2.379429922400405,-1.6820379326217516,-0.2551150795455307,0.7403316538298175,-0.0692774293622682,1.3549967431425076,-0.4264404590720212,-4.862758335414166,5.36063632252551,4.997238186895619,4.784889675930439
Translation,41.09312764205807,38.65013178301862,39.17487732780468,11.671530959504803,10.37693747747367,2.456549565781078,37.209575987797045,43.88522280164591,33.26392563395038,23.513853708928643,20.197408136579185,34.49343905149897,20.687380947044126,12.347313891434826,29.289973631050355,4.780869595321411,4.098628715115948,-1.7070937660512548,24.04074706685217,15.623947531303386,19.81742664761785,7.984197295813175,7.760359820840643,15.058651939064234,15.069815521374338,12.579957613315923,18.477796209660212,5.1219779396095415,3.9149468279664994,-4.655558838842065,14.43289361882048,9.886443850582992,15.571024973343409,9.714845314733493,8.62344971386616,16.37943530310733,20.91168382262237,20.899126738962917,19.057255806916807,5.925063428705128,3.736678411967503,2.679504050996746,17.85734967130593,11.851192767288873,27.275031156762108,8.454526494472418,8.665672736966515,15.026716952387014
PP_5350,5.161803599748662,2.703005928052529,4.225841475978861,-1.4430102060972645,-1.9469099972745376,-4.23080944738438,8.86175119600523,6.304454690617799,6.707185727923296,2.323149100572095,0.5824360635932555,0.3580215331399715,-4.799192376010282,-1.449699296992662,-3.825309094962606,-1.2511873182390874,-1.009698651063544,-3.401446406030088,-0.4499087598234705,-0.464148294998394,-5.4458772042450265,-1.854927583692727,-1.5942014781838187,-0.7694897143039885,-2.8789866039925154,-3.922906255638488,-4.145853396733174,-1.6358568465275156,-1.424140632979067,-3.205556845114253,0.9469743929829396,0.966295984810508,1.6989602746796968,-2.11671995457218,-1.943743800575082,-1.702707418895281,-4.668771351879595,-5.559037226591963,-4.617553115508747,-1.5081240360827948,-0.8305225095035732,-2.421541740669019,-0.6663746929749107,-1.7621942438730478,-0.3118402056058405,-1.7710576541064271,-1.4749599059520786,-1.107939584263914
PedR1-2,-0.6085032784695494,0.3731853411633865,0.729835109567524,-0.853393619420947,-1.27676525081301,0.5446959567376485,-1.2156712130043748,0.1535484430407539,-2.1146983630564886,-1.1613948340940328,-1.573750210120431,-2.175326781641118,-2.1693867818411903,-1.2523623586304122,-2.0892367671138987,-0.6639720231487012,-1.0579004111609778,3.393120911651383,-3.0097693557110685,-1.413296186098796,-1.89617162920779,1.0362128038897174,0.2552631215475188,-0.3118065991618323,-1.5199390560753,-1.3459070259264965,-2.0791492686819435,-0.7879624918804391,-0.5973200609527052,8.387682952299993,1.5045715992490551,0.8527872235066798,-0.4444257727237267,0.3763113779650737,-0.1401654613900715,-0.3829158105548665,-2.968081639820033,-1.904631658805678,-0.799617235014549,-0.3047208936730746,0.0236039151572917,3.775879844799258,-1.790060794290956,-1.1000041467427186,-3.2075985498164625,0.8370576010258897,0.4031887834348518,-0.7372097664585224
PP_0204/CysB,2.445050355197949,0.4155549746216163,1.3695976107007737,-2.6337543035425965,-3.287123030019978,-3.257839722944293,0.7649245535115433,1.1871726031247087,7.217519608462779,-1.1223376321236076,-0.4855580842873561,5.826769591694944,0.7065560811693474,-0.982867020756832,1.37690534465888,-2.673442438516369,-2.763818025186933,-3.8619707030551393,1.4215920287057384,-1.0208634161783696,0.7219616809393794,-1.108291239183621,-0.7437140218318238,-0.2799135634892165,0.6852322398158511,-0.6276534071465953,-0.8604477112150473,-3.283960709735989,-3.954055115768787,-4.573963129374336,1.1764464509129418,-0.6371830553403235,1.1787288049385047,-0.121775179032975,-0.7738189594809931,-0.8033516062406869,1.2820046937470924,0.0824181115996858,2.696873494672441,-2.765230302033556,-3.448170735152708,-3.994267370894722,-1.3147968517792,-0.8292498975414584,0.7529263662916615,-1.2002162317707517,-0.48018109369629,-0.2774453068735207
IonicLiquid,0.372319233168049,1.2481804057779473,0.283931152037183,3.6147756434118055,2.8283091149401063,1.9274812541875888,-3.763539833621407,-1.8184516035960632,-2.0849760467774177,-1.8532256275683567,0.1234070477651885,-0.8854508696132295,-1.1620028047353832,-2.2357702271677256,-0.7645357783468579,3.098580799256873,4.034136279297481,-0.6244880299085811,-1.6856201996812388,-1.488988057398152,-3.0372670926607497,-1.4638678775050635,-1.88768880568178,-1.7409153795133194,-2.657373253573153,-2.5899480756137305,-2.6424534341468977,2.214978976182737,3.513168421423853,-1.5679764405092755,-2.01949301058451,-2.0147707179894567,-2.0382550713873275,-1.457342150687142,-3.121810610001209,-1.1466735181074577,-2.2536917661852254,-2.7811689715600454,-2.1778663688353057,2.5125588001905457,3.1969525003085986,-1.8969099105352545,-2.258288276957502,-2.603464694213371,-2.167214955792863,-1.946722487470793,-2.3858337845643645,-1.9869743640217832
GlnG,-2.551215556094075,-2.853919791693458,-2.2292497013047248,0.5360815368033685,0.0661816125746401,9.070697899271972,-3.071628861123528,-0.1133175273279187,-1.796127377280489,-2.026295530463356,-0.1815581724230944,-4.018710853910551,-3.5108014569324,-0.5962314006466016,-4.237343869533169,2.4168159997263987,3.4302968761444603,7.927631701795235,-4.562926361783193,-0.0161158148331667,-3.0037119245421144,1.7973870995214905,0.9263156702490104,1.223545461160831,-3.1158643130770267,-2.7327486799554825,-4.665995907772758,1.2619984054633546,1.9280322688306493,5.661567589705854,1.7744097235804643,-0.0869588422530329,-3.571558813097892,0.8095558555378057,0.9304398315214112,1.3689765210785845,-2.898518326597644,-2.844928217552731,-2.2390104205668098,0.8768396370133764,2.4165410637831912,7.300735902338156,5.056916033987594,0.0626341087221203,-4.543761415964295,2.497457026087167,1.567239496686743,1.0802287321758826
Unchar-8,0.0757427488739135,-1.5862857156327008,-2.640345984918937,0.3929634989777678,0.2784085072531922,-1.6200239616377818,-1.6987896843844972,-0.8815424239539804,-2.513381979985565,-0.4375677507188386,-1.6702206816920773,-1.1827278625085706,-1.05648826188463,0.25591097874171,-1.4157571953473629,0.3013866752243754,0.1574279086584162,-2.266034523312293,-1.2914736749756002,0.8345476799991327,-0.9083796571555508,2.4229801798354966,2.108456543951927,2.490459628828124,-0.8063377552327999,-1.0024185948100923,-1.530493134384878,0.4366179058171331,0.3406606369114306,-3.294567157880674,-0.3842164629106813,0.3313259144241183,-2.1384101488511043,2.2440527846522262,2.301373105684416,2.883854193713322,-1.2845106019623953,-0.7474947194552402,-3.3927720852066843,0.4696148910111505,0.718312441353232,-2.775679728836918,0.8106747925781315,0.3652467542397344,-1.3104685489739385,2.3499497367987447,2.0841669824608884,2.0992548659998844
OxyR,1.1855723765148427,-0.1801736926176912,3.339459055378102,-0.5426781239289593,0.3064180926646412,2.77065053790713,-4.749275060958808,-9.403232702794297,-1.9837874402460487,1.552396309012305,1.471302949149597,-1.1833409531882657,1.9385137791150104,-0.0029715886972676,-0.1969572752819432,2.340058565804669,2.1332836418341152,3.0289915798495075,-2.541416618340117,-1.2821323129470126,1.367272980906697,1.7573622577700694,2.807420407249193,0.7768818375226167,-0.4962386282754299,-1.513412272614371,-1.327097928279635,2.153239816206365,2.240417574468786,1.6689664870916194,-1.4019968286192623,-0.7122125567919283,0.1928373515783552,2.075460544431109,2.7347171840888267,0.4314563557895732,1.0932233778524187,1.4559152661870904,0.623007225551705,2.316768500779005,2.603634385593581,2.95034391472586,-0.8657863485721753,0.0172122958690537,-3.352385929934829,1.8542093266380888,2.563106248029147,1.480393917222068
Noise-4,0.6485254770010715,3.075394759148084,1.5300765041555844,0.130901636228565,-0.1278729955865551,-1.120550573703269,0.5503122739831552,3.543852541662771,-0.8570183494142092,-0.2431090193107013,-0.2261146896931914,1.240669010199593,-1.1411550377328077,-1.7505014276553876,-0.9543172787238392,-0.484978678067776,-0.9804543044505996,-0.2519097324867529,-0.7296933541307407,-1.900277387547544,-1.2612271906110692,-1.3492268731262222,-1.4879231393265853,-0.950420292501812,-0.9825850039864784,-0.5665233576117088,-0.9402900718588346,-0.7343887554733707,-0.0906071332986054,0.1989773659122485,-1.2450189618622471,-1.4575642545822285,-1.0033224584822042,-0.6910983562485409,-1.2697388192129493,-1.358586296266148,-1.11222447865921,-1.1188519794315566,-1.3652988912745891,-0.3793717353477711,-0.4055427878841315,0.0665521504613754,-2.248811620120996,-1.6024284871540622,-0.6887995196345873,-1.346119343613985,-1.2642683762144171,-1.0359288089211267
PsrA,4.352456166430897,5.357753838902432,3.0587994562919394,-1.435467280929509,-1.428941358665779,-1.5436351193910134,5.744148272444498,-0.4541705586549088,-2.390320023887321,3.3056960167613987,4.878556089906512,-5.305041552747009,-0.6712597127819486,-0.468111051494828,-2.029828072937855,-1.0857868696980146,-1.693892762575447,-2.965299300549148,-3.581003997321417,-0.5503371690457741,-0.5177141692693271,0.8854377315929718,0.984115498469741,-1.2318050319806395,2.096783453525642,1.501307787764302,-0.4130963348566682,-1.1168944693615928,-0.972679987682446,-4.280685247763161,-0.513480816736994,-1.07378474631127,-0.7442318481719953,0.9388121286870956,2.040900656986632,-1.3933254825628578,-0.3026662315940042,-0.5159309823373877,-1.3424453293335776,-1.99124578546494,-1.4387325969909166,-3.1722665373801826,-1.6726176247844935,-0.1397979501009365,-4.617751908860684,0.3925479141606738,0.567646612136515,-1.293692586326496
PcaR,3.283667878279207,-1.0057915738556324,0.8623576716190734,-0.0361063607263909,-0.5983834073681116,2.7871193494156694,-1.4072789301537982,-1.176328085247651,-1.1639785472641762,-0.5804921612259824,2.3080152683188766,-0.2593008883507627,-2.115760181242673,-0.8695962121595405,-2.153632253789386,0.6320611589097203,0.7922852855583566,2.250984314541541,-2.3516966974264304,-1.0138112960876389,-1.8476877916482624,0.644101112094867,0.3592431438373208,0.2919003334646743,-1.2450102627656738,0.0280881732170154,-0.0009514558667678,1.2096553009809743,1.0949871306193455,2.535259891898356,-0.149251520674668,0.1409719457575101,-0.6935559654815338,0.711135703780345,1.1774188950528448,0.7308178261778248,-2.7852780966642547,-1.7358152281271155,-0.9663239406935342,0.8293468157505359,0.996799931890332,1.942951460740355,-0.539253532884186,-1.1587831957529986,-3.39226333392638,0.6239740419923503,0.3315111722692408,0.0204442754421488
Sulfur,0.2218920995644306,-1.2855418712988178,0.8033015401938859,0.7756120692416916,0.2107541111604798,-1.2049119264648365,-0.2133870984790881,2.676204372476829,-1.7398862533260109,-1.780376591260044,-0.9199221023018104,-0.2199843895274643,0.2882402924717835,2.148061512937881,-0.5119172621339962,-1.5013249450907566,-1.3802421959824498,-1.4310441959413738,0.3456576640251785,2.5264780942077367,-0.0363797696977653,0.918847492732858,0.8282814303056996,1.3404460576527235,0.9981922520917246,-0.0372012209731345,1.946396215863844,-1.992979147319594,-1.7619407005888108,-1.549238182769842,2.2444291360524447,1.173678691111352,0.6351361836953144,0.3981408042396862,0.0896887011070551,0.8249309908415825,0.3254428597742861,-0.1178369797922356,-0.759947896592544,-2.250371183563378,-1.4888120214112868,-1.7655693657825795,1.7135360766919865,1.8253580086920616,0.3353593165026464,0.5660535183688745,0.1869599210399685,0.6785511382439491
TurA-2,0.926283453909774,0.0194237919372731,3.660669334773844,-1.0685394932557877,-1.1294359692788525,-2.722131901442933,1.8469999715902417,1.0471364917834778,3.479184967752276,3.8387305992723326,1.186877627051567,5.020503464726287,4.707732666065565,-0.8464405699881724,-1.5980235994092291,-3.7426998767416513,-2.940022294931523,-3.80809654760338,6.267082259423667,-1.7060156175770933,6.993662413187055,-2.924947513809532,-3.6669335465798927,-2.121980348709905,5.718274970872419,7.308836103046707,-0.2530974138405963,-1.9308243142759685,-1.884048236453833,-2.420456277950688,-2.8941022712632014,-2.4972464734448105,3.9529006524742063,-2.2228505503536296,-0.9603153562368856,-1.375513979517072,4.543985117869545,7.652877233511274,2.6186226849133845,-2.836695787124321,-2.8031245344897235,-2.6273934321355,-4.818942583796031,-0.4472710842939134,6.379114571258599,-2.5391723768479872,-3.121034631042105,-1.3430750727328111
FleQ/AmrZ,-2.2353053587537137,-0.9261287279915448,-0.5697871391604421,0.6610616463549767,0.0416066042199014,1.7570903490596224,4.965867352393312,1.1631987404923898,4.792083366241164,1.4185864931349226,0.4329106961142514,2.051350427326428,-0.4264639458458427,-1.594122309220719,3.36059322117983,1.717611841254895,1.3232073061467131,-0.1129490489591311,1.3811452151012005,-1.1426564004648525,-0.9693047211877152,-1.3804975410011395,-0.6093849651959689,-1.7735620878744944,-0.4379389497663748,-0.3426684960659162,2.743663517654772,2.9666938706088555,2.358268833590401,-1.4094698709042424,2.092833538406889,0.8424628807847663,0.5046496261631601,-1.1451824737324765,-0.7484982626834192,-0.8463854975822315,-1.069797399189466,-1.767652702929145,0.5359813143309703,2.8609906970796875,1.6589514873678728,-0.6565388160357057,-3.038347939301667,-1.8440234069599373,0.8663063126647867,-1.1580264359364123,-0.8727453917632069,-1.4545587286263006
FnrA-2,0.0089737788446381,0.8559365821013907,1.1858333271618533,-0.9808173629311892,-0.8646410506141834,-2.928135773691966,4.846223908389536,1.930918181243872,-1.2685258937777646,3.261935765991555,1.8500166974495904,0.9003076545689728,-1.0285515431274486,-1.6867090448325497,-1.7924140553260437,-0.3675705689946666,-0.4024838803413664,-9.28483158639487,-1.2268908095599191,-2.119073582041867,-1.7139991457150436,-1.577085304319427,-0.9850674903202232,-0.6451907999697724,-0.5810686161913869,-1.2891036550327302,-0.0088755164148621,-1.0595352636343771,-0.5719230763586336,-12.069948558540355,-2.715392000977148,-2.4461148324901,-1.674356221910766,-1.0935284072875162,-1.0195431968311723,-0.7063344653455056,-0.4781570015451375,-1.5821634652164178,-0.643168445732007,-0.7642363773529711,-0.907813572095036,-9.84399366045793,-3.493269294339962,-2.0391492503825503,-1.803935248529348,-1.276802232771268,-1.1648398036129404,-1.0664835204835994
FruR,-0.2877208684789755,0.9399033898443032,0.4519271611011965,1.084428427945986,1.0097470806444877,0.88449954024436,-3.278160396992013,-1.258988684590636,-2.910215466444788,-0.4786974212955995,0.6128650342010302,-2.91427240746657,0.5744725208202176,2.2451177948216823,2.325735827421129,-0.5950012238747278,-0.6583403154497942,-0.76115167852752,2.529385867653105,2.1249879802243705,1.3235841571519082,1.3982690843790562,1.3237171959181382,0.4690401975066044,0.8212317074657818,0.642210268078826,1.608807110421166,-0.552343556996528,-0.1652639058965841,-0.606156779906178,0.0969840152880547,0.5596808463816489,0.0279517029020383,0.8951550320643538,1.3410677863975886,0.2500837822582616,1.336788698326993,0.8714388882728334,1.584697333712891,-1.2041819465699444,-0.7172955886394146,-1.905728175436809,1.6398359076346083,3.012848291777318,2.8543718075042235,2.3072703766137823,2.160062725751984,0.9670597460781986
FleQ/Fur,0.0072373666707935,-2.00143783171871,1.580853995804652,2.0816097963116325,1.955986407595924,9.5833632580512,2.644161159904584,5.037598920002971,-0.1984418131158651,-4.978380797893886,-4.835623089974543,2.04284552422734,-1.9691885559408973,-0.6080212718367022,1.6531434876996365,2.68431823472279,3.712159820225056,6.617736559034377,-1.8752514548182155,-1.4778818118910495,-2.903325560814963,-1.3918396275008655,-2.265072984116291,-0.452134320502676,-6.113898719823862,-6.583219788426906,-4.197212325849605,4.71599177958042,4.809782141834291,7.448273062184195,1.786969854316114,-0.2615782106457756,-0.5454136985306852,-2.843308025600029,-3.889376467677044,-0.0885594970593954,-2.6039141077631065,-2.55497432910116,-2.359685845973466,1.855298204390836,1.3026157175673754,6.914735723848201,1.7986567733714125,-2.100429201869626,-1.6177855020160776,-2.3103337425608688,-2.710501718706194,-1.6362893154636453
PP_2260-3,0.7545243266472274,0.2491998000343452,-2.033329958232608,2.5391458914278107,3.030124650225021,8.668364481976479,-3.904291392348728,-5.681892182830598,-3.4598403536651965,-2.566811751778876,-0.6303029497433211,-6.515633462138083,-4.4391101546044185,-3.0662692385604946,-4.166460771578049,4.5142535791394245,4.726393558700233,8.248290611045041,-6.173734104137635,-2.5768716373821805,-3.5081489835605417,0.898914279383667,0.8402655741955993,-0.6112287801855271,-2.5514123254437675,-1.782884849748144,-2.579681160216817,4.478417708776192,5.009355087753728,9.34930158934227,-2.6453200977914304,-1.974939079249556,-5.201063425005454,0.3369681102016613,0.9921937011718298,-0.8201796968430524,-3.6251326505107215,-3.380853322882844,-3.717532174063964,4.648194107910315,5.47398904903891,7.70933380593509,-2.173444115970218,-1.873449732226736,-5.933748014943013,0.6671319555514827,0.6326358069230638,-0.0641100269375803
GcsR,-1.057415018927876,0.4276386259408946,-0.334604479187883,-0.4475073026750785,-0.5953315487746585,-0.2668999698153908,3.651263645628627,2.3984463202528405,-1.9342063993232976,0.8887203718897033,1.6708605960971228,0.2179543507818318,-1.5003006816575408,-0.1133423905994077,-2.136133629750268,0.2147854999376191,0.1183642340089591,-1.796795301711823,0.2733433020055589,0.3386177330776492,-1.7752901153781822,1.0799656517158491,1.5893827903130129,0.4907225459915489,-0.9362605068945729,-0.7425464547526667,-3.734096385340838,-0.2397927713134951,0.199509243450799,-2.080750345771155,-0.2614300128307846,-0.1284297754577791,-0.1250451885908413,1.067105925190232,1.9891129422778653,-0.037158089284403,-1.0367354359983438,-1.5912866823231306,-0.1786003496061454,-0.0790522879770138,0.0054331303913153,-2.3225615298841342,-0.0360412800184504,0.0772462950102203,0.2839700964901459,0.9707069549917544,1.4360437512794595,-0.067713273169807
PP_0615-8,-0.1920289920121418,-1.4979136606152696,-3.3076741005716825,-0.615702588215932,-0.7620039451265288,1.4532116702108395,-1.3382100475319327,-0.6017010518377095,-2.373342200549359,1.4822103322301967,0.0881121850931363,-2.867077176363785,-0.7846815931827087,1.4696674993576646,-3.3152759233818103,-4.051830412222301,-3.0548923512826898,-0.5266482456856869,-0.2355089477339834,2.006913886574214,-0.3157218560077945,2.5716049775982244,2.2514285712650444,1.1881975224370225,0.1908272148103951,0.6591118453129479,-0.9584082792389964,-2.771065311833873,-1.921679411435779,-1.3890735764471116,0.859098598509144,0.4024355322034796,0.4987785115601868,0.2909997647120098,1.258529100937009,0.7793762358246893,-0.8195837983720122,-0.2788975051927453,-2.332078893093081,-3.677328832647973,-2.8684267071455243,-1.4068078014090657,4.053494349949059,2.2424656095420143,-0.5835087408906661,2.0438402648051164,1.7036727217667875,0.8663078201658083
Noise-5,-3.3454586509618824,-2.268097313713086,1.5064663187496352,-0.7959887678553824,-0.7776723454395027,1.2157335243024832,-2.551783008503909,-2.204740900655512,2.351841551182786,-1.4010465416078528,-3.41041222423481,-0.5452278637257859,-0.3891499295879114,-0.5991577944265094,-0.2125530162409332,-0.064597151051064,0.4512657562010613,2.25874537566988,-0.9740555414198366,-1.169850122735898,-0.3008984501964843,0.833336299096905,0.982819829936068,0.6365655732893312,-0.8925457698391519,-0.3220055207737056,-0.1008333950941095,-0.3326192473283775,0.6663257369750846,1.8775646520249727,-0.4895610379754104,-0.4749467605720907,-0.5130898805559955,0.3771213786427579,-0.1241854989719478,0.4268939218845597,-0.2752564548943137,-0.2659549493359497,0.2050023284115233,0.5335394234386981,0.5810084239299683,2.2726324657683303,-0.7806489394018324,-0.2775547472018482,-0.9343790400430249,0.575582806153871,0.5700325968716705,0.5758293766324069
LiuR,-2.7285656207378857,-4.209042715302009,-0.2840066834297208,4.404666025587475,4.600696733029336,6.13324653196505,-3.706506475613389,-0.8591542202887078,-2.578931464185896,0.1697205620606248,2.8780387706859734,-5.512792135580561,-8.501843029057781,-0.8869634913640211,-10.557739831375487,3.5677310922311545,5.490033739994643,4.384042601084943,-7.564570601674953,1.0212614753303086,-8.723263464074776,3.0671867784381286,2.7822923293310007,1.6029407844436796,-7.154954279845128,-6.604439200802279,-11.112366700780605,4.43937110530327,6.149267451960435,0.8180401077784494,-2.469230128687238,-2.6112655145665635,-5.829492382222814,2.765681038629469,1.923734252315852,2.943020508916191,-8.935658084229154,-8.245414090173341,-5.993209498516013,2.8003080473383144,4.658724532764174,2.1097134661328,3.321187210624987,0.2062389339747403,-8.663457918280951,4.837788060279147,3.188732570221851,1.8393810601385656
Unchar-9,3.552370562899608,1.1900133160640645,-2.270305810063081,0.6276475730836465,0.6023466295913258,-2.8987109790329177,-0.3230101664627013,0.191993690227614,-1.636079840573385,-0.0629647033971707,0.2717381559193569,-0.3415432652426702,-0.4957369580727088,0.145324067607639,0.2500364993707806,0.0194513925764527,0.1374301941641516,-2.705648134184332,-3.3897573244157746,-0.4085093864420845,0.0564903166920618,0.5077591867196736,0.8316020473257278,1.1177735118830694,0.8697162794074308,-0.0918706131153078,0.5242633068603846,0.1401756654953271,0.1072724807178425,-5.234016081035672,1.4136136983394108,0.7262049002874407,-1.415537182962037,0.7575952483946552,0.6819892691940752,-0.3715262628677995,0.2949610194205929,-0.2590512582171645,-0.8666361995073427,0.8592141543353383,0.4684042588416934,-3.1936397465284485,-2.1576999668474195,-0.2013356416601125,-3.1068105454037336,0.9149961730661909,1.1950899462016644,0.98801445859034
HmgR,0.8589357092064924,-0.4925652651399557,1.233917028466008,0.4591958744420171,0.0490490723237089,1.2860585023907718,-0.8043407160832049,-4.1237477797818425,-0.8794329912001487,1.494078514413452,0.64053580633899,-3.811646511601073,-1.479035874244278,-0.918794821094686,-1.7595479896095378,3.107904098204358,2.861554906738576,-3.1974524465137635,-1.8939625667011029,-0.153659968589926,-1.009841669787359,0.8367074850016106,0.9983843801437644,0.571305213893625,-1.4908199874502712,-1.0651991898064208,-3.178720120336917,2.011176708064726,2.330065155292119,-2.5889994693444844,-2.598348924439178,-1.9861756366560552,-2.587733436206923,-0.0290879107589748,0.6194415037418171,-0.2270079352525523,-1.29741870817925,-1.210104420480374,-0.0512404464838989,2.61876328998983,2.6905928008197755,-3.110134063725849,0.828418686712982,-1.1298431222291423,-2.127189601612602,0.6684313341412114,0.9115003905162536,0.4140627383276704
Null-3,-1.1272539614111234,-4.968540798595488,-1.3052004393897134,0.6584585857594362,0.0968155321452077,0.5857019717654884,0.2243643068636257,-3.861456258595238,-1.5515383162348235,2.753294431084506,1.9339979897710344,0.1621072999481637,-0.7114484017254672,0.3644415579687491,-0.2719653407916605,0.8144282600976305,0.7401957403213414,2.033776371614454,0.0566016626432414,-0.4071899055184587,-0.3286398027653295,1.917319796031519,1.6902431541188383,0.887539588586639,0.2894253143789663,0.0615892040396996,-1.5977365726580282,1.571364667254633,1.1813246999434537,3.107829449358775,1.030197839240216,1.3643311622198842,0.0949187179968782,3.0656182388764,2.821442753915618,1.4533356826451589,0.0814929750015952,0.5142281873200869,2.3000810421215707,1.9373461258960856,1.34282468387175,3.2962352619440822,-0.2486636048338475,0.5912959154395755,0.4743568847622241,2.1355224374315904,2.042173217244581,1.647268962403846
GlcC,-2.6184670676834045,-2.345008688599944,-1.425285159661852,-1.356740186011784,-0.7714504800811226,1.5374198015123792,-0.4511026578995629,-0.294357966321551,-2.510940007293607,0.0343543382772012,-0.54624232911991,-2.342996934110847,0.6785514285898384,2.0918564867092417,0.4341291772172055,1.1834435773922602,1.158323873900491,-0.7033738814089856,-2.0834633116145227,3.3317669445488103,0.3979139865707851,-0.4308501229304381,0.3594239697843946,-0.046073272281387,0.1062175462909751,-0.3713204119138268,-0.6043373244937128,2.0130979434352607,2.533027655470532,-0.1700593159889638,0.667679400403714,-0.5533036296576681,-1.9711027085194128,-1.0292270603402254,0.2587080284168303,-0.01623274626851,0.6104454023592383,0.6171600678553968,1.405909751277583,1.3178069301531914,1.888947604883736,-0.1350464643839899,3.719768973242672,1.9380502968516249,-2.241934916046886,0.4165050868689889,0.7537236720174771,0.1774524284563963
AA transport,2.2346286710285006,0.5057764944332293,1.0855976465811903,0.8164485372879039,-0.1893798353111424,3.761743288262132,-4.463156298349828,-4.276850308285064,-3.4804094210690435,-4.216225171666999,-2.216808198404725,-7.175878271034738,-1.4611134435984616,-2.692286055408021,-4.941208079230693,0.9044004697482086,1.3268534637876266,1.1843088366252428,-5.291495070616163,-1.1001233388003684,-1.1540700374185795,0.088441029696238,-0.0779281026524846,0.502225781963261,0.0650376284803201,-0.8169121665146986,-3.484754377968444,0.7720721519554244,1.4357539382120823,-5.965123864778303,-1.831813702690736,-2.7349334806567054,-6.494484815335984,-0.6701285903018248,-0.1076341734431934,-1.3356993506467183,-1.443583115898707,-0.9993931344989448,-1.7915755656429413,0.5886285724832598,1.274649687845268,-0.6148528787779619,-0.2329637718694994,-2.001876688047676,-5.714138756306153,-0.0168297651091886,0.1408402611560469,-0.3822404151485097
Genomic-3,-0.564041402399976,-1.123977159568822,-0.7229172770222781,-0.1970369295184408,-0.2766081574829285,-0.2055231309176339,1.5532214838746856,0.5087459957157325,1.277116995639503,-0.6276588661211192,1.5916577682115678,0.4107871611934413,-0.9304927921470664,0.939082540905082,-1.4818987661374436,0.4024181097518268,0.1673728461294688,0.1817725549997995,0.1336753176138939,0.4623778273351704,-1.046347055086339,0.9232999567048944,0.8987868178163594,0.2772927094268071,-0.9468531573053122,-1.1545123885277797,-2.1963990040003867,-0.3683073709133944,0.4732158797474358,1.2076457707907702,0.3826489096862035,0.2389717527595913,1.068979477583282,1.209240646893292,0.8090003858213742,0.540301547936131,-1.2691047918666387,-1.712893576726718,-0.0411619507130145,-0.5096899259340415,0.3629403521746815,0.572393340653041,0.7703557101569581,0.7892951758541848,-0.1065348577127192,0.5725705897986633,1.2940831421605483,0.5489919063584107
Noise-6,-0.7383688057400983,-2.828505457249616,1.9204130442724985,0.0871003839299259,-0.5405349161040305,0.6543547505013014,-0.4896232198567338,0.028668243999126,-2.08449139488303,0.1653756170721453,1.3762629691990678,1.928045242800236,-0.0739343745027258,-0.6822527746168916,-0.4574607927040053,0.5281435964759509,0.8749859895865558,0.1514232697629554,-0.7514640543241982,-0.2987293371138428,-0.2664627043339734,-0.1214285342602978,-0.7759114002028096,0.5962124151452217,-0.8024744423095158,-0.8362089549259556,-1.4400015451360917,0.6182376767155766,0.6115649743721214,0.6410456774411485,0.275628668583983,-0.539172123011747,-0.718168452558251,-0.0660932965314062,-0.2656897581752324,0.8224972082401756,-0.4388747209146936,-0.1806139774866569,0.5679518071037428,-0.1631818131248084,0.5491279218857958,0.537138508837512,0.1602888326069186,-0.6250720086250792,-0.666875760900982,-0.3912548220784105,-0.3318098200034575,0.3293720423229156
